mkc	1886-10-10	Kansas City		https://www.google.com/maps/d/viewer?mid=1-dWVmBPsK_iqijuEYQoCXc1x6AAErheS
lou	1893-08-25	Louisville		https://www.google.com/maps/d/viewer?mid=12o6afFYwKujZ8AnFOrfSuj6kO9k
sux	1895-__-__	Sioux City		https://www.google.com/maps/d/viewer?mid=1kT0FCz8_uQ5Wssyp-BMm4YdjW_M
roc	1927-12-01	Rochester		https://www.google.com/maps/d/viewer?mid=1n4qMzGkFYLaFLhk_QA2E1dBVVyY&ll=43.15%2C-77.62&z=13
ct_	1954-__-__	Chiatura	(ignoring midday breaks)	https://www.remontees-mecaniques.net/bdd/site-chiatura-1043.html
hl_	1992-05-31	Halle		https://www.google.com/maps/d/viewer?mid=1Q-9YavmY8jktjWviys9g3NfDCPbpyL0
mem	1997-10-01	Memphis		https://en.wikipedia.org/wiki/MATA_Trolley
ind	2003-06-28	Indianapolis		https://www.google.com/maps/d/viewer?mid=1Iq_dnlCJRc2mt7Rb8jKlv5tWunNDt6vo
zin	1954-06-05	Lauterbrunnen / Grindelwald	<script src="zin.js"></script>(during <a href="javascript:" onclick="nextzinmap()">summer</a>)
dws	1971-10-01	Disneyworld
mgw	1975-10-__	Morgantown	(during semester)
qca	2010-11-13	Makkah	(during Hajj week)
